stem,cls,split,phash,w,h,n_boxes
benign (1),benign,train,1101010011101000000010111100011100110101100001011110011010100011,562,471,1
benign (10),benign,train,1111111010001111000111111110000111100001100011100000001111010001,683,585,1
benign (100),benign,train,1011010011011010110001111010010101100001010110000101101000011110,323,473,2
benign (101),benign,test,1010100011010010000110100110110111110000110110101000110010100101,563,473,1
benign (102),benign,train,1010010111100101110101101001001010011010010010011001101111010000,634,610,1
benign (103),benign,train,1100001010011110111000001100010000011001101110011100100011011110,766,585,1
benign (104),benign,train,1000011011001011011100010011000001101000011111000111010010011101,777,578,1
benign (105),benign,train,1101010011100110001110111001100100101001011101101100011010100000,882,581,1
benign (106),benign,train,1010110010111001011100110100011000000110010101110011110000111001,808,716,1
benign (107),benign,train,1000010110000001011010110011101111100110111001001101100010011000,759,616,1
benign (108),benign,train,1000000010100000000011001100010000110011100110111111011111011001,769,582,1
benign (109),benign,train,1010000110111100110001011100001101111000001111000000011110011010,562,470,1
benign (11),benign,test,1100000110100101000111001101100000101101101110111100001101000110,689,587,1
benign (110),benign,test,1100101111101011001101001001110110000111110000011010000110110010,555,468,1
benign (111),benign,train,1011001011101000110011010001001000010010111000001110110011111101,315,477,1
benign (112),benign,test,1100001111001100101101100010011000100011100000111010011011111100,652,612,1
benign (113),benign,test,1001000010101100011101100101001101111011011000100110010001100100,810,695,1
benign (114),benign,train,1000000010100000001011101100000000100001100110101111101111111101,757,575,1
benign (115),benign,train,1001010011100100001100110101100111001010101001001101100010011011,554,469,1
benign (116),benign,train,1000000010100000001011101100000101100000100110101111101110111101,766,588,1
benign (117),benign,train,1000111010101010011000100001110100110101011111010110101001001010,806,688,1
benign (118),benign,train,1111100110100011100111111100000000000110011011100100111111010001,653,620,1
benign (119),benign,test,1000100010100000001101111100001101100000100100101101101110111101,762,585,1
benign (12),benign,val,1010010111010010010110100011110101100010111001001010010010101110,678,571,1
benign (120),benign,train,1110101010101010000111110011011101110000011100010001110000001111,808,695,1
benign (121),benign,train,1010010110100101110001101001101010011011000110001101100011011001,646,610,1
benign (122),benign,train,1000100010100000101001111100001101100000100100101101011110111101,774,577,1
benign (123),benign,train,1110011110011101100101000001000100100011011010110110110101100111,648,610,1
benign (124),benign,val,1100001011100001000101110000111000111101010001111100001100011110,645,614,1
benign (125),benign,train,1100001110111001101111001100011001101000101100010111100010001100,756,578,1
benign (126),benign,train,1100001010111001001111011100111001101010100100010111000100001100,771,570,1
benign (127),benign,train,1110111010101000101100011101011110000110100001101001001110110011,558,476,1
benign (128),benign,train,1010000010100000111110010101111111001110100011001100001011000010,549,475,1
benign (129),benign,val,1011001110011000010011000100011111100111101110000011100010111010,775,587,1
benign (13),benign,train,1000011111110000110010001000101101001111011101010011110010010010,678,571,1
benign (130),benign,val,1010000010011110010111111100000011100001101000010100101010011101,558,474,1
benign (131),benign,val,1001000110111101111111000100101001100110110001100110000100100001,587,435,1
benign (132),benign,train,1101000110100100101011001101011110010011100100111001001110000011,552,483,1
benign (133),benign,train,1001010011110110111010000100100111000001011001110010111010000110,369,342,1
benign (134),benign,train,1100011010001101101000010110100100111011100110101100011010110010,378,345,1
benign (135),benign,test,1110011110111100011110000100101110000111100001111000011011000110,776,582,1
benign (136),benign,train,1110010110011100011000101000001111010011001111001011110011000011,886,581,1
benign (137),benign,train,1010010111011111011110000011000000000010000111111100110111000101,777,578,1
benign (138),benign,train,1000100010000100111101000111011110101010001010110001110110001001,766,600,1
benign (139),benign,test,1101011011100000001010011001110111110010100100101001101011101001,563,468,1
benign (14),benign,train,1100110100110001000100100001011001001101110111001111101011100011,699,531,1
benign (140),benign,train,1101010111110100110101011001010101111100000001010001011101100100,452,591,1
benign (141),benign,test,1001100110011110101001101100100110010000110100111100000110111001,567,471,1
benign (142),benign,train,1110010010100011000110110101110010001100111001011100001110011001,785,582,1
benign (143),benign,test,1000000111110100001110100111000000111100100011001000011111100101,554,467,1
benign (144),benign,train,1001000011101100111011110011011100000011110000001100100011010010,770,580,1
benign (145),benign,val,1100000110101101001111100101000000000100100010111011101111101100,779,574,1
benign (146),benign,test,1110000110001011101110100011111001001010011000110000110101100101,449,594,1
benign (147),benign,train,1001111111100100001010000100000001101010111111101011011110011100,564,463,1
benign (148),benign,train,1110111010110001001100011000111011001110110011100011001001110001,567,463,1
benign (149),benign,train,1000011011111000111000011000011100011110101100100011100011010100,557,468,1
benign (15),benign,train,1000111011110001011101100000111000000011110001001111000110111001,701,526,1
benign (150),benign,test,1001110011110101010100000100001000110011100011001110110111011010,671,570,1
benign (151),benign,train,1000010111001000011110100011001010011100111001011010010111001001,560,469,1
benign (152),benign,train,1001011111101100101100101001010011001101010110110001001010101001,555,471,1
benign (153),benign,train,1100110010100111001001001101101001011011000110100100101011101100,772,574,1
benign (154),benign,train,1000010111111111011110101011000100011001100000011000011000100110,556,464,1
benign (155),benign,train,1100000010111001111001110100111000111011111000011000110010000000,783,583,1
benign (156),benign,test,1101010011100110001011111001100100101001011101101100011010100000,887,581,1
benign (157),benign,train,1101011011100000001010011001110111110010100100101001101011101001,567,465,1
benign (158),benign,train,1100100110101111001101101001110110000111110000011010000010110010,556,464,1
benign (159),benign,train,1010100111111111001101101010000001000101100010100110101010011010,696,574,1
benign (16),benign,train,1000010111001000011110100011001010011010111001011010010111001001,558,462,1
benign (160),benign,train,1111100110001100000011100110011111100011011110100001001010111100,624,585,1
benign (161),benign,train,1000010110000001111110111011010111010000111101001011000010101000,568,463,1
benign (162),benign,val,1100100110000110001101100101101000111001100111011000111011100010,549,470,1
benign (163),benign,test,1001101111101110011101000101000010001001011010000111100110011110,779,576,2
benign (164),benign,train,1001011110101101111100101111000011001000110010001001100010111001,560,470,1
benign (165),benign,val,1010000010111011100110110101001001100101110000001100100011001011,558,464,1
benign (166),benign,train,1001100010000101100010011111101110110010111100001000110111001000,555,471,1
benign (167),benign,train,1110000110011010000111101110100100001001111101111010011010001000,566,463,1
benign (168),benign,train,1000010011110011010010101000110000110010111100111000100110001101,557,471,1
benign (169),benign,train,1001110110011111011001100111000011110010100000111100100110000101,561,469,1
benign (17),benign,train,1001010111100000011010111001111101010010000101100000110011101101,558,463,1
benign (170),benign,test,1010011011101100110100011001001011000000111011001110101110010100,564,468,1
benign (171),benign,train,1110100010001011001100000111010011000111100100111110101110001001,566,463,1
benign (172),benign,test,1000110111111100011100001100001001000011110000111001100110111100,619,589,1
benign (173),benign,train,1001000010101111011011111110011011010010100100001001000010110000,726,573,2
benign (174),benign,val,1100000110110011101111001100110011000001011100010011000001111100,556,490,1
benign (175),benign,train,1010001011111001010011001000011001110011001110001011100011000110,765,573,1
benign (176),benign,train,1001010010101011000110111100110010001100110000001100011110010111,715,487,1
benign (177),benign,train,1101100011011111101001111110001011100000100000001000111010001101,562,470,1
benign (178),benign,val,1000100011100110100111010101000100110010100011001101100011110100,772,576,1
benign (179),benign,train,1111101111011001011001000100010001011111100110110010001100100111,422,468,1
benign (18),benign,train,1001011111101100101100101001010011001101010110110001001010101001,564,469,1
benign (180),benign,train,1100011110111001001110101100001011110100101011001000101110010010,763,600,1
benign (181),benign,train,1000100110100110110110011101101100100110010001010111001010011000,733,455,2
benign (182),benign,train,1101001010101101001011011101010010010000000101101100011011111100,555,463,1
benign (183),benign,train,1111000011010001010011110000111000010111101100011011000111000011,916,683,1
benign (184),benign,train,1001010111101000111010101001011010010111000011000111100001111000,349,487,1
benign (185),benign,train,1110101010000001000001110111101100100111101101101111100010101000,752,592,1
benign (186),benign,train,1111101010100111000110000001101101100110111000001001111011100110,741,574,1
benign (187),benign,train,1001100011101001011101001001011001100011100010001011101010110001,730,574,1
benign (188),benign,val,1000000001011010100000010011111010010101001010101101011101101001,655,600,1
benign (189),benign,train,1001110010011001001101111110010011100100100011011000010001110011,544,465,1
benign (19),benign,train,1000111011110101010100000100001000110011100011001110110111011001,663,572,1
benign (190),benign,test,1101101010101100110001110011001100111100110000001011100011100011,734,470,1
benign (191),benign,train,1110100011001011101000111111001010000000100011000011011111100011,549,463,1
benign (192),benign,train,1001010011001101011100010001001000011010001011011110110011001101,557,474,1
benign (193),benign,train,1110000110111111000111001010111000011110100100111010001110000000,754,580,1
benign (194),benign,train,1100110011101001000010000011010000110010111100110110101110101011,711,492,1
benign (195),benign,train,1000000000000001110100010001111101101110110101110010100111001010,729,611,3
benign (196),benign,val,1000110010100100011000100010011110111111110110001010010010011001,766,580,1
benign (197),benign,val,1111110111100010100000101001100110101001001111010110110111010100,547,465,1
benign (198),benign,train,1001010111100110100110101001000110110001011001100110101110011000,759,571,1
benign (199),benign,test,1111100111111110000010001000001010010111111000001111100010011110,556,473,1
benign (2),benign,test,1100000110111100011000100111101100111001100001101100001010111000,557,473,1
benign (20),benign,test,1001100010110100111001011100101101001010000110100111011001100100,319,473,1
benign (200),benign,train,1011110111100101110000101000101011001011110111001001100010110100,554,473,1
benign (201),benign,test,1000111011011000001100000110001001111011110011100011011110001010,556,474,1
benign (202),benign,train,1111011011010110100010001011000100101001010010011110101011111010,552,469,1
benign (203),benign,val,1001110011011010011000110011010111011010000101101010010011001010,569,471,1
benign (204),benign,val,1000010010110111011110111100101010000000101011001100010010010110,560,476,1
benign (205),benign,train,1000011010111001011011000101100011101001000110111101000011100100,557,477,1
benign (206),benign,test,1001010010100000111010110101101110001100101001001101110011010100,569,485,1
benign (207),benign,train,1111110110110000010010100111101111000001110100111100011110001001,562,481,1
benign (208),benign,train,1100010110110011001110110100100010000110111001101110000110110001,562,479,1
benign (209),benign,train,1100011011101100001110110001101101001001100101011001100011010100,558,477,1
benign (21),benign,train,1000010111111110011110001011000110001001100001110000011001101100,558,451,1
benign (210),benign,train,1100100010100011001111010101110001000010111000011011001010010111,563,471,1
benign (211),benign,test,1110100110001000001111100001001010001010110010101101110010111111,557,465,1
benign (212),benign,val,1001010010100101011010110101101001000010111110011001100010010110,558,469,1
benign (213),benign,train,1001000010000100010010110101101101111100111100101100011010100100,573,486,1
benign (214),benign,train,1100110111011010001100100001111110110110110000001001000011111100,602,396,1
benign (215),benign,train,1100110110110110001000111011101011010001001111001010011010000110,600,396,1
benign (216),benign,train,1100100110010101001111101100010110000101101101001010010111010001,646,386,1
benign (217),benign,train,1100001110101011111011101001011010011000100101101100000011010010,603,396,1
benign (218),benign,train,1111100110100000000111100001101011001011100101101110110101101001,602,396,1
benign (219),benign,train,1110010011001001100110100011011000100001111110001111000011100101,608,396,1
benign (22),benign,val,1110110010110011110011100010100100110001110001001000110011110011,562,463,1
benign (220),benign,test,1001100111100100100001001110001101111010100110111010010110100100,609,396,1
benign (221),benign,val,1001011000111001101010111100001011100000111101001011111110000000,610,394,1
benign (222),benign,val,1001010011111101010010111001011010110001110000011000101010000101,605,392,1
benign (223),benign,val,1001110011011100011000101010000011100001100101111110011110110000,562,465,1
benign (224),benign,train,1101100110110000000101100100101111011001111101010100011010100101,568,469,1
benign (225),benign,test,1000100011111000011101010110011111000010100001001110100011001001,558,473,1
benign (226),benign,train,1101000011101111000011000110000111111010100101000100110111100000,555,469,1
benign (227),benign,test,1000001111101010010101001011110110100101111000000101010110110000,567,468,1
benign (228),benign,train,1101000110010110001011100110100110100111011010100101100011001010,563,469,1
benign (229),benign,train,1001100110010000110110001010101001100110011001011111010110011010,564,470,1
benign (23),benign,train,1010110111100110000110010010111011100110110010111001100110100000,779,583,1
benign (230),benign,train,1100010110011100101111101111001001101100111010001100001010000001,566,470,1
benign (231),benign,train,1001101011100010001011011100110100110000111000001101111110001010,561,472,1
benign (232),benign,val,1100100011010000001101111000111110011000101011001010010010100111,562,469,1
benign (233),benign,train,1110011010010110111110110110101100100101000010001011100010011100,557,471,1
benign (234),benign,test,1100010010010101101110011100111011000010111000001010100010100111,562,469,1
benign (235),benign,train,1100000111101000111111110111111000111100100010001000010011000000,560,468,1
benign (236),benign,train,1010000011100100001100111100001111001110100111100001010010011100,566,469,1
benign (237),benign,train,1111000110100011100011101101101010011110100011010000010111100001,558,473,1
benign (238),benign,train,1010001010111010110011011100010110100001001110000010111010100011,556,469,1
benign (239),benign,train,1110010010010110111110000011000010011001110110010100101011100110,560,473,1
benign (24),benign,train,1100100010110100010110111110101011100100000110011001100001100110,556,467,1
benign (240),benign,train,1011001110111111110001001100010010100001001110001101001110110001,556,473,1
benign (241),benign,train,1111011010111010011010001110100010001001100000111000001111011111,562,471,1
benign (242),benign,train,1001110011110000000010110010010111000101110011110010101110110010,556,474,1
benign (243),benign,train,1110011011101101000100001111100010111110100001111001000011010100,561,473,1
benign (244),benign,val,1100110011010000100100000001101110111011101100101101011110000110,561,475,1
benign (245),benign,train,1110111011000010100110010001100010111001111101111000000011011110,560,465,1
benign (246),benign,train,1001011000111101101011011100001111000010011101001011110110000000,526,331,1
benign (247),benign,train,1010100011100100001100101100001111001111100111100001010010011100,469,396,1
benign (248),benign,train,1111100111011100000010001000101010010111111000001111101010011110,472,385,1
benign (249),benign,val,1000010010110011011110111100101010001000101011001100010010010110,465,395,1
benign (25),benign,train,1100110010100110001001001101101001011011000110100101101011100110,770,583,2
benign (250),benign,train,1000001111101010010101001010111110100101101010000101010110110000,469,394,1
benign (251),benign,train,1100110011010000100100010011101110101011101100101101010110000110,467,387,1
benign (252),benign,train,1100010110001100101111101111001001101100111010001100001010000011,473,398,1
benign (253),benign,train,1001000010000100010010100101101001111100111101111100011010100100,463,383,1
benign (254),benign,test,1110100110001000001111100001001110001010110010101101110010110111,473,389,1
benign (255),benign,train,1011011110110101110001001100110110100001001110001101001110110001,473,389,1
benign (256),benign,test,1111110110110000010010101110101111000001110101111100010110001001,469,395,1
benign (257),benign,train,1001110011011100011000001010000011100001100101101110011111110001,467,392,1
benign (258),benign,test,1110010010010110111110000011000010011001110110110100001011100110,462,389,1
benign (259),benign,train,1001100110010000110110001000101001100111011101011111010110011000,465,390,1
benign (26),benign,train,1111100110110011101011111100110011000000001111000001011001000111,554,471,1
benign (260),benign,train,1100110111011010001100100001111110110100110000011010000011111100,498,331,1
benign (261),benign,train,1100010010010101101110011100111011000000111000001010110010100111,469,386,1
benign (262),benign,val,1000011010111001011011000101000011110001100110111101000010101100,471,401,1
benign (263),benign,train,1101000011101111000011000110000111111010100101000100110111100000,465,390,1
benign (264),benign,test,1111000110100011100011101101101010011100000011011000010111100101,462,391,1
benign (265),benign,train,1100100110010101001101101100010110000101101101011010010111010001,544,328,1
benign (266),benign,test,1111010010111010011010001110100010001001100000111000001111011111,462,389,1
benign (267),benign,val,1001010011111101010010111001001010110000110000011000101010011101,500,327,1
benign (268),benign,train,1100001110101011111011101001011010011000100101101100000011010010,506,330,1
benign (269),benign,train,1000010010100000011011011100010011111100110100011001001110100011,465,390,1
benign (27),benign,val,1000110010100100011110100001100110011011100100110011110011000110,774,576,1
benign (270),benign,train,1100110110110110001000111011101011010001001111001010011010000110,500,328,1
benign (271),benign,train,1001100111100100100001001110001101111010100110011010010110011100,510,324,1
benign (272),benign,train,1110010111001001100110100011011000100001011110010111100011100101,498,326,1
benign (273),benign,test,1001110011011010011000010011010111011010000101101010010111001010,560,469,1
benign (274),benign,test,1011110111100101010000101000101011001011110111001011100010110100,556,471,1
benign (275),benign,train,1100011011101100001110110001101101001001100110011001100011100100,556,463,1
benign (276),benign,train,1100100011010000001101111000111110011000101011001010110010100101,550,474,1
benign (277),benign,train,1011001110111101110001001100010110100001001110001101001110110001,556,469,1
benign (278),benign,train,1101000011101111001011000110000110111010100101000100110111100000,561,464,1
benign (279),benign,train,1111010010111010011010001110100010001001100000111000001111011111,551,467,1
benign (28),benign,train,1111011011001100000110000001100001101101111000101111011010101101,841,696,1
benign (280),benign,train,1001100110010000110111001000101001100111011101011011010110011000,556,471,1
benign (281),benign,val,1100110111011010001100100001111110110100110000011010000011111100,605,392,1
benign (282),benign,train,1000010010110011011110111100101010101000001011001100010010010110,560,465,1
benign (283),benign,val,1101001110010000001011010110111100010100101100001110001111001111,621,508,1
benign (284),benign,val,1100111011101100101110110001011100010110000101000010011010101110,622,497,1
benign (285),benign,train,1100111011101000101110110001011100010110000101000010011010101111,625,494,1
benign (286),benign,train,1101011011111110101110111000000011000000110000010100111100111100,620,490,1
benign (287),benign,train,1100100011010000011101111000111110011000101011001010010010000111,466,390,1
benign (288),benign,train,1001110011110000000000110010010111000101110011110010111110110010,463,390,1
benign (289),benign,train,1001110011011010011000110011010111011010000101101010010011001010,468,393,1
benign (29),benign,train,1100100011110011101111111001100011000000110101000001111011000000,561,462,1
benign (290),benign,train,1011110111100101010000101000101011001011110111001011100010110100,465,389,1
benign (291),benign,train,1100010110110011001110100100100010000100111001101110001110110011,462,404,1
benign (292),benign,test,1000100011111000011101010110011111010010100001001110100011000001,460,391,1
benign (293),benign,train,1000100011111000011101010110011111000010100001001110100011000101,473,389,1
benign (294),benign,test,1100000111101000111111110111111000111100100010001000010011000000,469,394,1
benign (295),benign,train,1001101011100010001011011100110100110000110000001101111111001010,472,387,1
benign (296),benign,train,1111100110100000000111100001101011001011100101101110110101101001,503,328,1
benign (297),benign,val,1100011011101100001110110001101101001001100101011001100011100100,467,390,1
benign (298),benign,train,1100100010100011000111110101110001000010111000011011001010010111,466,391,1
benign (299),benign,train,1110011010010110111110110110101100100101000010001011100010011100,463,392,1
benign (3),benign,train,1001110011101001001100110001011001001101010010011110100111010010,558,471,1
benign (30),benign,train,1010000010100000111110010101111111001110100011001100001011000010,557,462,1
benign (300),benign,train,1010001010111010110011011100110110100001001110000010011010110001,463,387,1
benign (301),benign,train,1111011011011110100010001011000100100001010010011110101011111010,463,383,1
benign (302),benign,train,1000111011111100001000000110001001011011110011100011011110001010,466,390,1
benign (303),benign,train,1001010010100010011010110101101110011100101001000101110010011100,463,398,1
benign (304),benign,train,1101100110100000000101100100101011011001111101010000011110101111,467,387,1
benign (305),benign,test,1110110010000010100110010011100010111011111101111000000011011100,466,389,1
benign (306),benign,train,1101000110010110001011110110100110100110011010100101100011001010,471,386,1
benign (307),benign,train,1010010110111101010110101010001011100010110000111000010110001110,775,587,1
benign (308),benign,val,1100101110111011011101001011100010100100110010010001011110001100,552,468,1
benign (309),benign,train,1111111011101111110001011110000010000010100000111001001111000111,769,487,1
benign (31),benign,val,1110111110110000010100000001011100010111110011111001111111000001,557,467,1
benign (310),benign,test,1110110011111100100010011100100111001100100001101001011010011010,544,468,1
benign (311),benign,val,1110110111110101111101101010000010000010100010101100111010001110,549,496,1
benign (312),benign,train,1011011010011011110010111100110111001100101100100010001100100100,552,490,1
benign (313),benign,train,1100110110000101001100100011000011001111111001111100100111011000,555,468,1
benign (314),benign,train,1011000011100101100011111000101011010010010000001110000111110110,554,493,1
benign (315),benign,train,1111101110001000011001001001011110011110101001011000101111011001,551,470,2
benign (316),benign,train,1100010111001101001111011001000011101000011110100001111010000011,550,469,1
benign (317),benign,train,1101110011110001101000011000101100011010110101101100011011000110,551,491,1
benign (318),benign,train,1101010011111000000010111100011100110101110001001110001010100011,554,465,1
benign (319),benign,train,1101010110111100011000100111100100111001110001101100001010111000,560,467,1
benign (32),benign,train,1001001010100011111011100100111001000011001101010011010000111100,656,611,1
benign (320),benign,train,1001110011101001001100110001011001100101010010011110100111010010,558,475,1
benign (321),benign,train,1100100010010111011101110111100000101001100011110100001010001010,546,467,1
benign (322),benign,train,1001010011100000011010011000111111010011100100011010110011001100,555,491,1
benign (323),benign,train,1001011110101101111011011001001010010010011010000110000101101101,560,468,1
benign (324),benign,train,1101111011111001001001010100011101100110001111101000110010100001,626,583,1
benign (325),benign,train,1110100110100111000101100101100001111100001011101010011011001010,613,583,1
benign (326),benign,train,1100001111111000101111001100011011000000101110011000111010000110,754,619,1
benign (327),benign,train,1111111110001111000111111110000111100001101011100000001111000001,689,578,1
benign (328),benign,train,1100000110100111000111001100100000101101101100110101001101100110,685,567,1
benign (329),benign,val,1010010111010010010111100011110101100010110001001010010010011110,665,576,1
benign (33),benign,train,1010000010011110000111101110000011100001111000010100101010011101,556,468,1
benign (330),benign,train,1000011111110000110010001000101101001111011011010011110010010010,669,567,1
benign (331),benign,test,1100110100110001000100100001011001001101110111001110101011110011,695,527,1
benign (332),benign,train,1000111011110001011101100000111000000011110001001111000110111001,703,531,1
benign (333),benign,val,1100100011100000101100101001011110001011100010001110011111101000,777,569,1
benign (334),benign,train,1000000011001000011111111000100010000111101000111110100011010100,589,426,1
benign (335),benign,train,1000001111100110100111100001010001011000110110011100001101111000,681,559,1
benign (336),benign,train,1010000111010100010111000000111010011000110100101110001110100111,783,585,1
benign (337),benign,train,1101110011001000101000110111011110011100000101110010010011101100,555,487,1
benign (338),benign,train,1101010010000100011011101111001011111011100010011000100100001101,611,382,1
benign (339),benign,train,1111001111100011000011101001110000100101011001011111000110100011,557,465,1
benign (34),benign,train,1000000110110000001110110110011111000110110001011100010100111000,558,471,1
benign (340),benign,train,1100110011110010000100111000010110001111100111001001110011001001,770,425,1
benign (341),benign,train,1000010010110110100100101100001101001001110110010010111110001100,683,562,1
benign (342),benign,train,1001000101101110001111001100110000100011010101010110000010110111,581,431,1
benign (343),benign,train,1011010110010110010010011110100100110000101101001100111110011001,564,467,1
benign (344),benign,train,1100111010111001100000010001000010111001111111111100110010000101,576,434,1
benign (345),benign,val,1111110011000001000000110110101010111000101100011101001111001111,566,466,1
benign (346),benign,test,1011100110001101010001101100011011110110111010011010100110000001,610,373,2
benign (347),benign,val,1001010110011000111010000110000001001110010011110101011111010110,605,683,1
benign (348),benign,train,1101010110010101111010100001101011101000101001001110001001101110,1028,565,1
benign (349),benign,train,1001000111010001111111000011111000111100001111000000110110000001,555,471,1
benign (35),benign,train,1101100011011111101001111110001011100000100000001001111010001100,556,476,1
benign (350),benign,test,1000100111100101000110101001101011100101101000010111000110010110,786,580,1
benign (351),benign,train,1110000010011100001111110110011001001000100110011001101110100100,585,429,1
benign (352),benign,train,1110000010101000101111111101110100010011000100100101100000011011,573,428,1
benign (353),benign,test,1101101111011010001000000010100100100111101101011011000111110101,680,583,1
benign (354),benign,train,1011110011010000110000110100111110011001101110111011001001100000,606,605,1
benign (355),benign,train,1001010110110100011000101100101111000011010001001100011110111001,675,562,1
benign (356),benign,val,1001110110111101111101001110011011001010110010101000001110000000,556,468,1
benign (357),benign,train,1110110010110001010001011100111110011011001100111001000011001100,581,429,1
benign (358),benign,test,1110000010000100100111011110100001101001011000111110001011010110,555,467,1
benign (359),benign,train,1110001010101100000111010001010111010010011010100010101011010111,567,462,1
benign (36),benign,train,1000100011100001100111010000111001100000101010011001111001011110,526,474,1
benign (360),benign,val,1100110111100101101100110001001001010010010101100111011000010111,683,574,1
benign (361),benign,train,1110110110010100000110111100101100110100001101111100100110011100,558,470,1
benign (362),benign,train,1100001111011001001111010000011011000010100100011101100111000111,557,464,1
benign (363),benign,train,1101010010101101001010110100100101100101011101101001011010001001,586,433,1
benign (364),benign,train,1000010010000000111100100111110111001101110011100100101010110000,557,465,1
benign (365),benign,val,1010011111011010010111000000011110110011101100000111100010001101,582,431,1
benign (366),benign,train,1110010110100101010111000101100110001011111000100011000111110100,562,463,1
benign (367),benign,train,1101111111100101000010001010100011110111110001110010001011001011,560,462,1
benign (368),benign,val,1001001010000100110001010100111101100011110100110010110100111100,689,575,1
benign (369),benign,val,1111000011010011101101101010111100101101001011000100100001110000,772,581,1
benign (37),benign,train,1110111010101010101100011001011110000110100001101001001110110011,557,468,1
benign (370),benign,test,1110100011100101000101111001111010001010110001001110001010110001,549,458,1
benign (371),benign,test,1110110110100100100100111001101100010110000111101110110000110101,756,589,1
benign (372),benign,train,1011010010110011010000110100110110001100101111000011101000110011,544,469,1
benign (373),benign,train,1111001111110000100011000100111000001110001110111011100110100101,555,457,1
benign (374),benign,train,1011100011010000011010110011011110010110001010111001000110011001,544,468,1
benign (375),benign,train,1000110110110110010110101100110011101111000110000010000110100110,775,571,1
benign (376),benign,train,1110000111100011100111101001110000111100010010101100101011000001,546,467,1
benign (377),benign,test,1111100110000101001001101110101000011100110110001101001110011011,752,578,1
benign (378),benign,test,1111100111111001000101000101010100011111000110001100100011101101,548,464,1
benign (379),benign,train,1000111110011111011101000111101010010010101100011100100010001001,1010,583,1
benign (38),benign,val,1101000110100101101011001100011110010011100100111001001110000011,550,484,1
benign (380),benign,train,1111110110110011010011100100100011101100110000000011001111011011,750,572,1
benign (381),benign,train,1011011011100000000010011100111111001110110111001010000110110010,747,576,1
benign (382),benign,train,1001010110110110111000101100001011001000100110011001010110010111,730,475,1
benign (383),benign,train,1010011010001010110110010010001111110010100110011100101011010100,552,493,1
benign (384),benign,test,1000110110100000111000110101101111011000100011001011100001111010,760,425,1
benign (385),benign,train,1110000011100000100111111001111110001001110010001100001001100110,551,458,1
benign (386),benign,train,1100110110110111001000100101110001011001110000011011100110100011,768,578,1
benign (387),benign,train,1100110111100011111100001000111010011110001101000011011010100100,549,486,1
benign (388),benign,train,1101100110100110001011010101100011010110110001111011000010011001,763,572,1
benign (389),benign,test,1011101110100101010001000111101111101001100100011100011010110100,927,567,1
benign (39),benign,train,1100001010111000111011110010111000111000010100001000001111100110,578,433,1
benign (390),benign,train,1000111011111001010000010001001111001111101101000110110110001000,779,583,1
benign (391),benign,train,1010110010011000010101111000001100100010010011011011100111111010,687,578,1
benign (392),benign,val,1011010011100001110010110100001000100111101011101011000011110010,729,477,1
benign (393),benign,val,1100011011111011100110001000010001101011111000110110010101000010,685,583,1
benign (394),benign,test,1110110011010011010010110110010001110100001101100011011101010100,558,468,1
benign (395),benign,train,1100111011101001001000010001011110010001110110100101111000010111,615,576,1
benign (396),benign,train,1011000110110101111111101001111111001100011010000100000010000001,420,474,1
benign (397),benign,val,1011110011011100100001111011001111110000101100101000100010101100,554,470,1
benign (398),benign,val,1010111010111010011110111011010110000101110010011100000101010000,563,469,1
benign (399),benign,test,1001011011100001101100001001011011011010011011010110100110010001,555,468,1
benign (4),benign,train,1100100011010111011101100111100000101001100011110100001010001010,555,465,2
benign (40),benign,train,1001010011000011110101111100110001101000101100010011001110010100,706,526,1
benign (400),benign,val,1000011110101000110100001111000101011001110011101100011110001001,779,580,1
benign (401),benign,train,1111000110000110000001111110110010011001110011001010110010110011,557,469,1
benign (402),benign,train,1111111111101001001111000010010100100001001100111001011101011011,561,469,1
benign (403),benign,val,1100100110110110001111101100101111001100000011000011110010001001,549,467,1
benign (404),benign,train,1001110011101000101100010010000111001010100111010101111011001010,772,578,1
benign (405),benign,train,1010000110000100011111101001001111000001111000110111001011011000,566,465,1
benign (406),benign,train,1101110011100001000101111001111011011000010010010110100111011000,563,463,1
benign (407),benign,train,1110010110011101100100000011101010100011111000001001110010101111,560,467,1
benign (408),benign,val,1111110010110100110100010010001110000111110011101000110110100110,554,465,1
benign (409),benign,train,1000000010101101100110111101001001100000000110111000110010100111,558,466,1
benign (41),benign,train,1101000010011000100011110011000000111100100011111101100111110000,550,484,1
benign (410),benign,test,1001001111001000100111001010010011100111001101110010101000011011,558,468,1
benign (411),benign,train,1100111011101001001000110001010110010001110110000101111010010111,602,587,1
benign (412),benign,train,1000011110111000110100001111000101011001110011101100001110001001,779,576,1
benign (413),benign,train,1011000110110101111111101001111011001100011010000100001010000001,433,478,1
benign (414),benign,train,1000110110100111011101110101101001101000011010010111000001101000,812,703,1
benign (415),benign,train,1001100011101000101001010010001110011010100111010101101011100010,781,578,1
benign (416),benign,train,1100000010110011011111010000110010011100110000101101100011010010,878,574,1
benign (417),benign,train,1101011011010010001010110010100011001000100110011111001111110010,599,416,1
benign (418),benign,val,1000011010011101011110010011010011000001110010111001001010111000,607,414,1
benign (419),benign,train,1010010110110101010110101010001011100010111000111000010110001110,772,574,1
benign (42),benign,val,1001000110111100110111100100101101100110110001100110000100100001,581,437,1
benign (420),benign,test,1010001110001001000111000001001001100111111001111110100111101000,768,574,1
benign (421),benign,train,1011011010011011110010111100110111001100101100100010001100100100,551,487,1
benign (422),benign,test,1111111011101111110001011110000010000010100000111001001111000111,768,487,1
benign (423),benign,val,1110100011111100100011011000100111001100100001101001011010011010,561,470,1
benign (424),benign,train,1100100110111011011101001001100010100100110011010001011110000110,544,469,2
benign (425),benign,train,1001010111100100011010111001111101010010000100100000110011101101,544,469,1
benign (426),benign,train,1100010111001101001111011001100011101000011110000001111010000011,549,465,1
benign (427),benign,train,1111000010100011001011111000110111100111011010000110000000111100,780,380,1
benign (428),benign,train,1100101011111001101101111000011110111000001001001011010000010100,769,382,1
benign (429),benign,test,1011000011110000011010111000010110001110010010111100001110010101,582,437,1
benign (43),benign,train,1010000010010100010010100110100011100001111100111000111110111000,554,495,1
benign (430),benign,train,1010011110111001011010001101100010010110110001101000111011000110,768,581,1
benign (431),benign,train,1010011011101001010010010000110101011101001010001110101110000111,582,431,1
benign (432),benign,train,1101101111100001000001011001110110011010101100110011000111100101,469,394,1
benign (433),benign,val,1111000110010001100011111100111011001110111011100010110000000010,550,462,1
benign (434),benign,train,1000000111100010110011011001010010011100011010000110101011111000,501,609,1
benign (435),benign,test,1001000111010011111011001100110011001100100011101001111000100000,552,469,1
benign (436),benign,train,1110011110111100001110001100101101001001010111010110011101000100,502,474,1
benign (437),benign,train,1100111110110101011110000100101000100010100110101001110101011101,768,585,1
benign (44),benign,val,1011001110011000010011000100011111101111101100000011100010111010,777,580,1
benign (45),benign,test,1010010110111000001100011100011111001010101110001011100010110010,775,580,1
benign (46),benign,train,1100000010110001001010111100110000011100110000111011001010110110,561,468,1
benign (47),benign,test,1010011010111010001110100111000100010101110001011110011111000000,763,585,1
benign (48),benign,train,1000111110111001110001001100011001111001010110110011010110000001,775,583,1
benign (49),benign,train,1010000111101000110111101001010100110001110111101001001100100000,777,576,1
benign (5),benign,train,1001010011100000011010011000111111010011100100011010110011001100,549,496,1
benign (50),benign,val,1110010110011110011000101000001111010011001111001011110011000001,884,581,1
benign (51),benign,train,1001010011110110011110000101100111000001011001110010011010000110,357,338,1
benign (52),benign,train,1100011010001101101010010110100100111011100110101100011010010010,370,338,1
benign (53),benign,train,1011100111000101100001100001001011110011111010011100100110010110,552,492,1
benign (54),benign,train,1011010111001101010011000001001110010001011100110110110101101100,616,468,2
benign (55),benign,test,1000110111110010011101100000010100111001010010101000111010011011,763,614,1
benign (56),benign,train,1001010010110110011110100100110101000101111000000011000100111011,806,711,1
benign (57),benign,test,1001100010110000101111100101101011001001110010011100100111000001,555,470,1
benign (58),benign,train,1110011110111000011110000100101110000111100001111000011011000111,781,572,2
benign (59),benign,train,1110010111001001110010011001111010010110101101100011010000100110,563,468,1
benign (6),benign,train,1001011110101101111011011001001010010010011010000111000001101101,558,467,1
benign (60),benign,train,1000100010000100111101000111011110101010001010110001101100001011,759,598,1
benign (61),benign,val,1000000010100000001111101100010001110010100110111101001111011000,773,578,1
benign (62),benign,train,1001011111111000100010001011011101101000001010100000011101101111,389,594,1
benign (63),benign,train,1001100110010110100011100110101001000010101101010011111010011001,608,660,1
benign (64),benign,train,1001110110010100100101111100010111010001110100011100000011011101,610,471,1
benign (65),benign,train,1101011011100000001010011001110111110010100100101001101011101001,564,474,1
benign (66),benign,val,1011011111101011110110101001010000010100010010011100100111110100,562,473,1
benign (67),benign,train,1101000010101101100000100011110110010001111000100010111110110001,516,467,1
benign (68),benign,test,1011010111100010100100111001010111001100110100101001100011101100,682,587,1
benign (69),benign,train,1001010111110111011110100100100001100110011001110010010110010000,811,719,1
benign (7),benign,train,1101111011111001001001010100011101100110001111101000110010100001,624,578,1
benign (70),benign,val,1000010111010011111100100101011001010100100001011000101110110001,713,475,1
benign (71),benign,train,1111101111100001101001001001110010011010111010001101000111010011,554,469,1
benign (72),benign,train,1110000010011110101001011110000111110011000111000001100011110000,557,465,1
benign (73),benign,val,1011010001101010100110101001110010110101100100111001000110110100,557,471,1
benign (74),benign,train,1001100111100100011000100011100101111101010111101001001110000010,561,467,1
benign (75),benign,train,1100010010110011001011000010110001110011110100011000111011001100,685,578,1
benign (76),benign,train,1001100011111100011000110000011111000111101110000011000010101100,848,685,1
benign (77),benign,val,1001100010101000111001011101001011010010110101011100010111000001,551,488,1
benign (78),benign,train,1101001011111011001011001000010110001100110110101011001110000001,777,576,1
benign (79),benign,train,1011000011110000110110011100111110001101000011001100110001001100,648,604,1
benign (8),benign,train,1110100110100111000101100101100001111100001011101010011011001010,617,585,1
benign (80),benign,val,1001011111101001110010101001011001101000110010100011001101001101,561,473,1
benign (81),benign,train,1111110011100010100000101101100100101101001111010110110011010100,563,464,1
benign (82),benign,test,1101011011011100000110100000111011101100110100101001101100101100,656,458,1
benign (83),benign,train,1111000111101001001010100011011110010110110001101100011000110001,581,432,2
benign (84),benign,val,1101010101000100100100111001011001000110101011000110110111011011,839,510,1
benign (85),benign,test,1001011110101101111100101111000011001000110010001001000110111001,561,465,1
benign (86),benign,train,1001101111101110011101000101000010001001011010000111100110011110,777,578,1
benign (87),benign,train,1010000110101000011110001100011011000110110100101011011011001100,768,571,1
benign (88),benign,test,1010010111010100100001111010010101011010000110111100000111111000,873,560,1
benign (89),benign,train,1100101011101110001101111011010110110000110000001000111010001100,893,576,1
benign (9),benign,train,1100001111111000101101001100011011100001001111011000111010000010,752,585,1
benign (90),benign,test,1011001110001011010010110011100001110000011111110011011110100000,772,574,1
benign (91),benign,train,1000010010000100011110000011001101101011010110101101000111010101,806,704,1
benign (92),benign,val,1001000011100011110011110001110010010100100011000110100001110011,763,612,2
benign (93),benign,train,1011010010011110000111110100100111111100011100000110000011100001,561,466,2
benign (94),benign,val,1000000010100000001111101100010000110000100110111111001111011001,767,583,1
benign (95),benign,train,1000100110000100010000100101001011110100101000001111110111011111,558,470,1
benign (96),benign,test,1100000010111001111000110100111000110011111100011001110010000000,767,574,1
benign (97),benign,train,1001010011010101011101010110010001101000100100011001010110010111,592,470,1
benign (98),benign,train,1001000110000000110010101011010100100101110100110011101111001011,795,558,2
benign (99),benign,val,1101011011100000001010011001110111110010100100101001101011101001,554,471,1
malignant (1),malignant,train,1101101011101000100001011001010100111110010111100011001001101001,449,598,1
malignant (10),malignant,train,1101011110100110000010101000100110110001110110111100001110100111,462,393,1
malignant (100),malignant,train,1011000110100011110111101100100010001000101100001111101010110010,557,476,1
malignant (101),malignant,train,1111000111010001000010011010010001100110001101101001111111100110,883,559,1
malignant (102),malignant,train,1001000111000101010001000011001000110011100011011100111101011110,916,551,1
malignant (103),malignant,train,1011001111000011010011010010110000111000011110011011000110111010,555,488,1
malignant (104),malignant,test,1011010011000010100110011011100101101001011101100011011001000011,554,494,1
malignant (105),malignant,val,1101010110100000001000011100111111011110100101010110010011010110,577,450,1
malignant (106),malignant,train,1001001110000000000011000101010111100111100001111001110111011011,667,458,1
malignant (107),malignant,val,1001000111101011000011110101010011110000111000001000110111001010,576,454,1
malignant (108),malignant,test,1000000010000000100001011100000100111110110001111101011110110011,660,459,1
malignant (109),malignant,train,1101001110110010001010001111100011010110101001010011100110111000,552,471,1
malignant (11),malignant,train,1000111111111000000110101110001001000000100111011101100111000111,471,393,1
malignant (110),malignant,train,1010001111011000000111001110001001001111100111001011010010110010,557,470,1
malignant (111),malignant,train,1010000010010101110010110100100100110101011011000011101100101100,421,470,1
malignant (112),malignant,train,1101011110100110000011101000100110110001110110111100001100100111,549,471,1
malignant (113),malignant,train,1000010011000001010110011000011101000111100101001000101111011110,745,482,1
malignant (114),malignant,val,1010000111110000110111101100111111100101011001000010000010110000,340,439,1
malignant (115),malignant,train,1010010010000100110011100101101100011011101110010111000101100100,581,438,1
malignant (116),malignant,train,1000110010011010101100101010011110100101011001010110100101101000,582,434,1
malignant (117),malignant,train,1000010010011100011100000110001101000011100001111001111100111100,611,434,1
malignant (118),malignant,train,1110000011001000100110111001001100101111011010101110000011100100,562,473,1
malignant (119),malignant,train,1110000011001000100110110001011100101111011010101110001001100100,564,469,1
malignant (12),malignant,train,1010001111011001000101001110001001001101100111001011010010110011,479,392,1
malignant (120),malignant,train,1110000111100110100111111001100101100100011010001100000011100110,564,470,1
malignant (121),malignant,train,1100000010011010001111010011110100110000110001111101000101100001,562,476,1
malignant (122),malignant,test,1110000111110100100111101000101110100011001000001110010110100011,554,467,1
malignant (123),malignant,test,1010000011110000110111101100111111001001011001000010010010110000,321,483,1
malignant (124),malignant,train,1111000010010101110111101000111011101001000011110000100110110000,545,494,1
malignant (125),malignant,val,1010010010011000010110111000101110110000111001101111001001110000,557,465,1
malignant (126),malignant,train,1111000110010001000011100101111011001010111000111011001100100110,557,478,1
malignant (127),malignant,train,1010010010010110110011101100000111000011110110110001001101101000,591,464,1
malignant (128),malignant,train,1010000010000010110010011100100010011001110011101101010011110110,625,468,1
malignant (129),malignant,train,1011001010010011110000011100110010001001110011101100011011010110,569,458,1
malignant (13),malignant,train,1100001110110010001010001111100011010110101001001011100110111000,468,393,1
malignant (130),malignant,train,1101011111001101100110110101101001100100001001111001100010110100,555,463,1
malignant (131),malignant,train,1001110111010101111001011100010101011010001100001010010110010101,604,461,1
malignant (132),malignant,train,1011100011101110110101011001000001101010010010110011100001100101,451,581,1
malignant (133),malignant,train,1010100011100101110100001101001001010011110010011100110110001001,479,485,1
malignant (134),malignant,test,1110111010111001000110110110001101100101001111000000010111010011,556,467,1
malignant (135),malignant,test,1001100010100111010011001001111000110011111100011000110010000011,933,571,1
malignant (136),malignant,test,1110110111101100101001111000011100010011000110110001100110011001,190,335,1
malignant (137),malignant,train,1110010110111101100100011100000111101010110110100100011001000110,233,339,1
malignant (138),malignant,train,1111000110010000010011100000111000111001101001001111011011001111,556,467,1
malignant (139),malignant,train,1011100110110010111000101100001011000101100011011110010011111000,549,474,1
malignant (14),malignant,test,1011000011110000110111101100111111100001011001000010010010110000,273,398,1
malignant (140),malignant,train,1010001011101100101001011100000010010010100111110101101011011000,546,463,1
malignant (141),malignant,train,1000100111100100010101001001101010110010110100110110010110001101,588,434,1
malignant (142),malignant,train,1110000110011111010110000110000101100111000111101000101110001001,556,465,1
malignant (143),malignant,val,1100010010110001001011100110111010001111101100001011000111000100,562,467,1
malignant (144),malignant,train,1110000110010111100111100100110001101000111010000000101111010011,544,470,1
malignant (145),malignant,val,1111000110010001100011111100111011001110111011100010110000000010,550,462,1
malignant (146),malignant,train,1101010001110000100010111100111100111101100011001010010010010011,575,432,1
malignant (147),malignant,test,1011010111010101110011100000101010100011001001110100101011011001,552,471,1
malignant (148),malignant,train,1100000011111101001111101001000001000001011001010001100110001111,556,463,1
malignant (149),malignant,train,1110110110010001110100000001011000101111001111011111000011001110,763,572,1
malignant (15),malignant,val,1000000010010101110011111100101100110100011001000011101100100100,361,398,1
malignant (150),malignant,val,1110010011111000110101010011110000011100001001110110101010000101,557,463,1
malignant (151),malignant,val,1100011110000101100111010111101111101010101010000010110000001110,513,467,1
malignant (152),malignant,train,1110011010001110100110010011001101111001100110101100101010000101,776,574,1
malignant (153),malignant,test,1010011010100111110001101001101100011001010111011001100100010100,650,603,1
malignant (154),malignant,train,1110000010111101010001001100000010011011101110110100011111100000,556,464,1
malignant (155),malignant,train,1011010110000011010011101001111010011011100010001101000011110101,551,487,1
malignant (156),malignant,test,1100010010110010100000011110010111001011110110010011010010110100,562,457,1
malignant (157),malignant,train,1011001011001011111011000000011111010010100110101101101010100000,564,471,1
malignant (158),malignant,train,1111001111101110100101011001000100011101010111010101100000011010,313,444,1
malignant (159),malignant,val,1110000111001011000010010011110101010010101100110001111010001110,556,482,1
malignant (16),malignant,val,1011010111000001110000101110101011001101110011101110000010110010,511,472,1
malignant (160),malignant,test,1110100110001001100111011101111000110110011001101011001000110000,626,587,1
malignant (161),malignant,train,1010100111100001111011001000011000000110110000101101011011101101,694,576,1
malignant (162),malignant,train,1001101010101011100000011101010110110110100011001101100001011010,620,587,1
malignant (163),malignant,val,1101000110010100100100001111001001001010110100110010111111001110,643,570,1
malignant (164),malignant,train,1110000010111001100110011001100011001011101001111100010011100000,551,473,1
malignant (165),malignant,train,1111100011010001100101011001111110101110011001010100010101000100,505,332,1
malignant (166),malignant,train,1001010111001001011000101110000011110000111110001001010111000111,555,488,1
malignant (167),malignant,train,1000101010010011110001000111110000110011001101000001101111000111,563,459,1
malignant (168),malignant,train,1110011011010110100110010001100100111001011000011010101011100110,557,469,1
malignant (169),malignant,train,1001110110011111010010101100000010110011001100111000110110011100,557,463,1
malignant (17),malignant,test,1011100010100010111011101001110110001001011010100111001000100101,765,590,1
malignant (170),malignant,train,1111000111100001100001001000010100001111110111101111001010111000,556,463,1
malignant (171),malignant,train,1010000010000101000101111101101011011010000111010011000101100011,624,589,1
malignant (172),malignant,train,1011000111010001110101011011010010011101001001000000010111011011,602,469,1
malignant (173),malignant,train,1110110011101100111100100000000110000110100010101011111011011100,573,451,1
malignant (174),malignant,train,1000010010010010111100111110000110001101100011010100111000001110,633,581,1
malignant (175),malignant,val,1110111011101110110000011101000110011011101110110100100001010000,564,470,1
malignant (176),malignant,test,1010101010111100110100001100001110000011110001100100011111000111,640,594,1
malignant (177),malignant,train,1110111011001110100000111011100100110000011100010101000101011111,613,581,1
malignant (178),malignant,train,1110110011100000010000011000110110011111101111001010110011000110,562,467,1
malignant (179),malignant,val,1110011110001000100111100001100100111001011000101110011011101110,432,476,1
malignant (18),malignant,val,1000110010011010101100101010011110100101011001010110100101101000,579,437,1
malignant (180),malignant,test,1011010011001000001000110011101101011100111001011001001111110000,562,461,1
malignant (181),malignant,test,1011101010111011100111111001110101011100011010000110000001100000,497,488,1
malignant (182),malignant,train,1011000011000001110011111000111010110100100100101101100111000001,689,583,1
malignant (183),malignant,test,1010000010000100110111111000101010101001101010001011001011100011,557,457,1
malignant (184),malignant,train,1011000111110000110010001000100110011011100011101100110011101100,552,492,1
malignant (185),malignant,train,1001111010110000010000011000110111111011101111001000100011100011,694,582,1
malignant (186),malignant,train,1110000110100101100101011001111010000110110110000101100011011010,566,506,1
malignant (187),malignant,test,1011001011100000010011110001110000111100011111001110000111100010,765,585,1
malignant (188),malignant,train,1011010111010010110010100000110001001111111100101011001010110001,724,473,1
malignant (189),malignant,train,1001011110001101100111011001010111001000100101101001111010001001,433,400,1
malignant (19),malignant,train,1010010011000010010010110011100101101100011001011110000111100011,554,459,1
malignant (190),malignant,train,1010000010000000010011101000110110001101010110110111011001101110,576,427,1
malignant (191),malignant,val,1101011111010100111000001101000111000110110100011001111011010010,673,471,1
malignant (192),malignant,train,1010000110001001010111000111110000110010011000101010011110001111,556,488,1
malignant (193),malignant,test,1111100010100011000011100100110011001000111010000111001110011111,781,574,1
malignant (194),malignant,test,1101110110110101000101001110011001101100000010101101101111100001,923,555,1
malignant (195),malignant,train,1011010011010000100011110000111100111000001100001110110010110111,555,475,1
malignant (196),malignant,train,1011100111110001100001101000111011001100000001011111000011111010,557,465,1
malignant (197),malignant,train,1111000110000111000011101110100010101010100000011101111010111010,552,484,1
malignant (198),malignant,train,1000111010001111101111001011100001111000011100000111001001100010,616,677,1
malignant (199),malignant,train,1011011011100001010001010000101000101001101001111011011010110111,504,473,1
malignant (2),malignant,val,1100000010010011100111011001110001001101111010010100101101010000,548,495,1
malignant (20),malignant,train,1010010011000000100110100010100101101110110101101010010011100111,558,475,1
malignant (200),malignant,train,1000000011010000011111110110101101100011001011000010110010010010,438,463,1
malignant (201),malignant,train,1010001110100001110111001101011000111101001110010100100110000011,678,576,1
malignant (202),malignant,train,1011000111110000110000111000110110001101110011011100010011100100,550,491,1
malignant (203),malignant,train,1110011011111000100110011000111100101110000001100000111001111010,577,411,1
malignant (204),malignant,val,1110011111100110101110110001100100011001000100101011101000101110,875,585,1
malignant (205),malignant,train,1010000110000101100001110101111001001000111111001011010010110010,510,470,1
malignant (206),malignant,train,1011000010011000110010000110111100100110001111110011001111001000,792,571,1
malignant (207),malignant,val,1011100110110011111000101001011011000100110010001110100011111000,557,458,1
malignant (208),malignant,train,1111000111100000100001001001011100011110011101100110001101101011,617,664,1
malignant (209),malignant,train,1011100110000000010001100101111110101111111000110011001000111001,508,471,1
malignant (21),malignant,train,1001110110011110011011110110101110100010101001000110001001100010,601,367,1
malignant (210),malignant,train,1111100110010110000110100110100101100111110110101001111010010000,775,587,1
malignant (22),malignant,train,1110011111010101100110000111100101101011001000111000110110000110,570,474,1
malignant (23),malignant,train,1111100111001001110000100010011000111111000111101001110010001101,569,468,1
malignant (24),malignant,train,1111010010010000100011110110111100101100000100001011001110111011,564,462,1
malignant (25),malignant,train,1111001110010010100011110100110100111100001110001111000011100011,563,470,1
malignant (26),malignant,train,1101000110100010001011101011110111011101110110000001100100011000,564,469,1
malignant (27),malignant,val,1100110111011000111000100010010100010101011011100110101110001011,567,475,1
malignant (28),malignant,train,1000110111010010011000100010010101100101011010110110101110001011,562,470,1
malignant (29),malignant,train,1101101011001000110001010010000100110011101111111001110110001100,567,470,1
malignant (3),malignant,train,1001010111001011011000100011010100111001111110000010001001100111,425,475,1
malignant (30),malignant,train,1111001011010010110010110000100110111101101110001011100010100001,573,468,1
malignant (31),malignant,train,1011110110010101110000100100001101000101001011110110111001111010,723,509,1
malignant (32),malignant,train,1010001011000000110110000000100000101011011101110010111111100111,557,492,1
malignant (33),malignant,val,1011000010011110010011000100100101010110101101001010110110000111,557,496,1
malignant (34),malignant,train,1010011111010011000011011101110000111100101000100110001010110011,620,589,1
malignant (35),malignant,train,1001110110011100111000111100001111100101011000010100000101011011,592,387,1
malignant (36),malignant,train,1010000110111000111100000111001101000011000100110010011110001111,623,494,1
malignant (37),malignant,train,1011110010111100100111100100101101011001000100110000001110110011,626,490,1
malignant (38),malignant,train,1110000110011010010111101010010010110010001100001001111110001101,1048,578,1
malignant (39),malignant,test,1010010111000100110100000001100000111011001010111100011110110111,564,469,1
malignant (4),malignant,train,1001110110000000011000110011111110111000011000100110011001101111,432,473,1
malignant (40),malignant,train,1010011111110101110100000100100000101110001011001011001110110011,548,461,1
malignant (41),malignant,train,1110110010000111101100110011000101110101010111001100110010000011,580,476,1
malignant (42),malignant,train,1010011111000101110100000001100000111011001010010100110111110111,578,439,1
malignant (43),malignant,val,1100001011000010110011110011110100111100101000101100001010001110,543,571,1
malignant (44),malignant,train,1010110111101001110110100001101010010110100101000010111010001101,765,580,1
malignant (45),malignant,train,1110110111000110000010000011100110011101101101001010011110110011,781,592,1
malignant (46),malignant,train,1011110011101010010010010000100011001100110010011110001111100111,785,571,1
malignant (47),malignant,train,1011010011001100110010001000000110100011101101101011101011011010,562,471,1
malignant (48),malignant,train,1101010111100100110010000001101000011011100110111001001111101100,552,493,1
malignant (49),malignant,train,1010010010100110110010111101100110011001001110001000001011000111,622,491,1
malignant (5),malignant,train,1001110110000000011000110011111110111000001000110110011001101111,431,476,1
malignant (50),malignant,train,1110111011000010100001001011010010111000110100111101001111010011,567,469,1
malignant (51),malignant,train,1001000110110100111111100100101101100110110001100110000100100001,588,437,1
malignant (52),malignant,test,1001011110101101111100101111000011001100110010001011000010011001,552,462,1
malignant (53),malignant,train,1111100110010110000001101100101111011001010110011000100111100110,569,471,2
malignant (54),malignant,train,1001111111111001011100001000011010000110100001101010110110111001,777,580,1
malignant (55),malignant,train,1000011111101111001100001110000011111000101001001000001100101111,786,556,1
malignant (56),malignant,train,1000011011001000110010001011010110110011010111100001010010110101,690,538,1
malignant (57),malignant,train,1001011111001011010010000011010100010111000101010110110111101100,717,533,1
malignant (58),malignant,val,1001100111100011110010101001010000011101100111011100100011010010,688,558,1
malignant (59),malignant,val,1011111110101101010001100100011000111010001110011101000111001101,682,561,1
malignant (6),malignant,val,1001000110000000010011100011111101111001011000110010011001101110,432,478,1
malignant (60),malignant,train,1011011111110010010010000100101001101101000001111110010111101001,681,559,1
malignant (61),malignant,val,1011011010001011000010011111110011100100101000000111100111010011,566,462,1
malignant (62),malignant,train,1011000110100011100011110001110000111100000110100100101111110001,693,565,1
malignant (63),malignant,test,1110001110000111100111000100110011100000111010110010011110010110,795,572,1
malignant (64),malignant,test,1101000110010100100001000100001011111010110011111001001111110001,772,479,1
malignant (65),malignant,train,1100000110010100110001100110011001111010000110011100011110000111,922,584,1
malignant (66),malignant,val,1101100010011100110001110110011101111001000110011100010010000110,655,584,1
malignant (67),malignant,test,1101000110000001000001000111111001101110011001110011101110100101,946,604,1
malignant (68),malignant,train,1010100111000101110100101101100000101101011000011111000110110100,574,464,1
malignant (69),malignant,train,1110000010000000100110010001100010010011001111111110011111100110,646,461,1
malignant (7),malignant,train,1001100110000000011001100011101111111001011001010110011001101010,432,474,1
malignant (70),malignant,val,1110000010000000100011000100110110011001001111111011001110110011,668,463,1
malignant (71),malignant,test,1010010011110100110010101000101110111001001111000111010000110000,528,592,1
malignant (72),malignant,val,1110101110100111100101111001101110010001011110000110001001100010,528,598,1
malignant (73),malignant,train,1001100111011111011000101100000011000110101100111100000110001101,549,474,1
malignant (74),malignant,train,1011010111001010011100001110101010000111100100111000001111010011,558,464,1
malignant (75),malignant,train,1010000110000100110101000100101001011110100101101001101010111011,441,412,1
malignant (76),malignant,train,1101000011000100110000001100011110001111100011001101100111011001,769,494,1
malignant (77),malignant,train,1100100011100000101000101001011110001111100110001110011011101000,801,587,1
malignant (78),malignant,train,1000100110000000101001101011111110011000100110011110010011101001,880,567,1
malignant (79),malignant,train,1011110111010000110010110100101100001111101101001011010001111000,564,468,1
malignant (8),malignant,val,1001100110000100011001100011101101111001011001010010011001101110,426,473,1
malignant (80),malignant,val,1000000111000000011000000010000100111101011111100111101101011101,643,443,1
malignant (81),malignant,test,1001010011000100011000000001000010111110010110111101110111001110,764,452,1
malignant (82),malignant,test,1010001111000011110101010100110001111100001110001001100110001011,569,459,1
malignant (83),malignant,train,1010011111011100100110000010001101100111010101001011110011010001,654,616,1
malignant (84),malignant,train,1110010110011101000100110111001101101100010011001011100111000001,649,612,1
malignant (85),malignant,train,1010110010000110100110110111000101100001101011101000011010111100,733,485,1
malignant (86),malignant,test,1010010011000110100110110111100001100101111001101000011010010100,735,483,1
malignant (87),malignant,train,1100110111001001011010110011011010010101100100011111100001101000,561,499,1
malignant (88),malignant,train,1011100110100010111011101001110010001001011010100111001100100101,775,591,1
malignant (89),malignant,train,1111100110000001100000010100111010011111000101110111001111111000,786,585,1
malignant (9),malignant,train,1001100110000100011001100011101101111001011000010010011101101110,430,480,1
malignant (90),malignant,train,1011011011001001000010011110011001101110011100101001001010001111,783,587,1
malignant (91),malignant,train,1110010110010101100111111000111010000000111100101001101011000011,550,494,1
malignant (92),malignant,test,1010011011010011000011011101110100111001101000100110001010110010,617,581,1
malignant (93),malignant,test,1001011011100001101100011001011011011010011011000110100110010001,554,470,1
malignant (94),malignant,train,1101110011100001000101111001111011011000010010010110100111011000,564,452,1
malignant (95),malignant,train,1111010110000101010110001111100010000111111110100101001111000100,781,486,1
malignant (96),malignant,train,1110001110000011010111000111110010000001101111111101000011001100,560,483,1
malignant (97),malignant,train,1110000110000011010111000111110010000001101111111101000011000101,583,486,1
malignant (98),malignant,train,1101000011000100001001010110011001011010011110101111100011001010,770,486,1
malignant (99),malignant,val,1001010011101000001010110110011101010110000111001101110011000100,550,486,1
normal (1),normal,val,1000010010100000011110011100010011110100110110011001001110100011,568,470,1
normal (10),normal,train,1111100010111001100001010000010000110110101111101011101011101000,501,485,1
normal (100),normal,test,1101111010100000101100110100011101011111000111110000000110001111,690,574,1
normal (101),normal,val,1000001111000101011010100100101000010101000101011100011011111110,678,572,1
normal (102),normal,train,1100010111110100001010100010100111100010100011100010011100110111,770,576,1
normal (103),normal,train,1000000010110011011111101000100001100001011100001001100110011011,772,574,1
normal (104),normal,train,1101001110011000001010101010010100110011110010111100111010010101,550,471,1
normal (105),normal,train,1010011111010101111110000010101010001011110100011000100110101001,562,463,1
normal (106),normal,train,1000000010011101011110101110001110010100011100000011100110110000,558,468,1
normal (107),normal,train,1101001110011010001010101010010100110001010011111100111010010101,560,468,1
normal (108),normal,train,1011010111001000001010100101101110111100110001100110011001100110,770,589,1
normal (109),normal,train,1011110110111001111010010110001001101010110010101100011010100001,557,475,1
normal (11),normal,train,1011001111111100011011000000100010010001100111011110101011010001,752,576,1
normal (110),normal,train,1100000010000000000111111110000111110011100111101010011010110000,552,468,1
normal (111),normal,train,1100010000111010011101101110010010001001111100001010010010001111,913,663,1
normal (112),normal,test,1110001110111000000110000001010111010111110011111001101010100010,929,655,1
normal (113),normal,train,1001111011101011111101000101001001110010101011001000100110010010,948,704,1
normal (114),normal,train,1110010010011000001110110100001110110100111010001001110110101100,916,700,1
normal (115),normal,train,1010001011011011110111011110110110000000100101000011010001000110,556,494,1
normal (116),normal,train,1100000011101010000100001010010101111101110100001010001010111101,785,585,1
normal (117),normal,train,1010110011101111010101111001100001100010100100000001101111110000,770,574,1
normal (118),normal,train,1001100001101011011011011100000011100010101001101101111010000010,928,695,1
normal (119),normal,train,1100000011011000101010101100001010111011001010111100000111010001,552,486,1
normal (12),normal,train,1011110010011110011001110110000011011000101111001100011011000001,779,583,1
normal (120),normal,train,1011110111011001111001100110111001001011100100000011011110000100,772,578,1
normal (121),normal,train,1100000110110100111110100010101000101110001010010110100110011001,550,465,1
normal (122),normal,train,1100000010111110011010010111100010010000110000101000101110011011,766,578,1
normal (123),normal,train,1101000111010010001011100000110011001010111001011101000111011001,685,558,1
normal (124),normal,val,1010100110101100010111100001011100011110010010101101100010011001,811,712,1
normal (125),normal,train,1001010111100101011010101001101111101100100100001000001111000110,558,471,1
normal (126),normal,train,1110111010101000100110010001010110010110110001110101001111110010,765,601,1
normal (127),normal,train,1100000110110101011011101011000110101101100000110100110111000000,555,467,1
normal (128),normal,train,1111000110010001101011101110110101101101001111000000010011100100,622,596,1
normal (129),normal,train,1110010010001100110110101111001000101110001110010001000011110110,617,684,1
normal (13),normal,val,1000110010110000010110011100101101110001111010101001000011100101,779,574,1
normal (130),normal,train,1001011010110101111011010110100100001011000110110100010010011100,739,477,1
normal (131),normal,train,1001011011110100010010010000100100001011110001101001011100111111,669,574,1
normal (132),normal,train,1110001110111010000001000110010101110010101010011011010110001111,857,700,1
normal (133),normal,val,1001011110011111011010110110111011000001100000011100000111000101,560,471,1
normal (14),normal,train,1110110111000011001111000000111011101110100110100000100111100110,765,581,1
normal (15),normal,train,1110111010010000001100010100101101001110111111001100011110101001,554,464,1
normal (16),normal,train,1100000010111011011111100111110000000110110000101000001110010001,566,464,1
normal (17),normal,train,1000011110100001101110011001111101101100011010000010101010001110,560,465,1
normal (18),normal,train,1001100010100100101001011001100101011101011101100000111011001100,562,473,1
normal (19),normal,train,1001011011110100010010010000100100001011110001101001011100111111,660,566,1
normal (2),normal,val,1000001110001100011110010001111100111100011010001011100010010110,552,471,1
normal (20),normal,train,1110001110111010000001000110010101111010101011011000110110001101,851,687,1
normal (21),normal,train,1111001111010011101111100010110001000101010011011100001011010010,545,463,1
normal (22),normal,test,1001011111100101011010101001101111101100100100101000001110000110,552,470,1
normal (23),normal,test,1100101010111011001001000001010100000011011001101100101111111100,763,578,1
normal (24),normal,train,1111000110010001101011101110111101101111001111000000010001000100,626,573,1
normal (25),normal,train,1100000010111110011010110111100010010000110000001000101110011011,781,571,1
normal (26),normal,test,1001011010110100111011010110100100001011000110110110010010011100,738,475,1
normal (27),normal,test,1010100110101100010111100001011100011111010010100101100000011101,804,707,1
normal (28),normal,train,1110111010101100100110011001010110010110110000100101001111110010,761,619,1
normal (29),normal,val,1101000111010010001011100000110001001000111001111111000111011001,679,567,1
normal (3),normal,train,1000001110000000111110000101010100011101011110100011101010101110,554,465,1
normal (30),normal,train,1100000011011000101010101100001010111011001010110110000111010001,550,490,1
normal (31),normal,train,1100000110110100111110100010101000101110001010010110100110011001,547,473,1
normal (32),normal,train,1100000110110101011011101011000110111101100000110100010111000000,557,470,1
normal (33),normal,train,1011110111011101111001100110011101001000100100100011011010000101,777,587,1
normal (34),normal,test,1000111110110101011010010100101000100010100110101001110101011101,779,576,1
normal (35),normal,val,1110010010001100110110101111001000101110001010110001000011110110,616,688,1
normal (36),normal,train,1110100011101001100010000001010000011111110011111001111010010010,812,705,1
normal (37),normal,train,1100011010111111111010010100100101001010010101100001011011000010,816,709,1
normal (38),normal,train,1100010011010100101111111011101111101000111000000001001010010000,763,619,1
normal (39),normal,train,1001100011111001010001101010011110001011100001100100011011000110,757,618,1
normal (4),normal,train,1101101010101100111001001011001110100010111100101100100111000001,578,434,1
normal (40),normal,val,1111001010110010100011010100110001111100001011010011100110001101,763,598,1
normal (41),normal,val,1100011010111000001010000100101000011111111101001001110010110101,761,600,1
normal (42),normal,train,1000000010111110011101111000100110000000110000101010001111001101,763,611,1
normal (43),normal,train,1100010011010100101111111011101111101000100000100001001011100000,759,592,1
normal (44),normal,train,1100011010111000001010000100101000011111111111001011010010110100,761,618,1
normal (45),normal,test,1000000010111110011101110000100110000000110100101010001111001101,767,601,1
normal (46),normal,test,1111001010110000100011010100110011111100101011011011000110001001,393,310,1
normal (47),normal,train,1100011010111000001010000100101000011111111101001011010010110101,391,313,1
normal (48),normal,train,1001100011111001011001101010011110001011100001100000011011000110,392,312,1
normal (49),normal,val,1000000010111110011101110000100110000000110000101011001011001111,396,316,1
normal (5),normal,train,1000110010110000010110011101101101110001111010101001000011000101,765,573,1
normal (50),normal,train,1100010011010100101111111011101011101000111000100001001011000000,392,310,1
normal (51),normal,train,1000011010000011110010010100110010000101001000011111101011111110,554,490,1
normal (52),normal,train,1000011010000011110010010100110010100101001000011111101011111100,552,487,1
normal (53),normal,train,1100010011000100101111111011101111101000111000000001001010010010,757,648,1
normal (54),normal,train,1000011010000011110010010100110010000101001000011111101011111110,554,492,1
normal (55),normal,test,1101000111100001111010000110110000100110011001101100101100011011,557,491,1
normal (56),normal,train,1001100011111001011001101010111110001010100001100000011011000110,763,598,1
normal (57),normal,train,1111000111100001111010110110111000100110110001101100101000011000,548,490,1
normal (58),normal,train,1000000010111000011011001100110111010011110000100011001010110010,554,487,1
normal (59),normal,train,1111001010110010100011010100110001111100001011010011010110001101,765,621,1
normal (6),normal,test,1010101010111011011000010100011011010101100011011001010010011010,776,574,1
normal (60),normal,train,1000000010111000011011001100110111010011110000100011001010110010,552,486,1
normal (61),normal,train,1100011010111000001010000100101000011111111111001001010010110101,752,601,1
normal (62),normal,train,1000000010111110011101110000100110000000110100101010001111001101,763,598,1
normal (63),normal,train,1111001111010011101111000010110001000101010011011100001111010010,558,467,1
normal (64),normal,val,1111001111010011101111000010110001000101010011011100001011110010,558,470,1
normal (65),normal,val,1010110110000101100100100101101101001011010111011110111011000000,670,570,1
normal (66),normal,val,1101011111101010001010001011000111101111101110100001001000111000,561,468,1
normal (67),normal,test,1111000111100001111010100110110000100110010001101100101100011011,545,493,1
normal (68),normal,test,1101000111100001111010010110110000100110011001101100101100011010,558,488,1
normal (69),normal,val,1000000010111000011011001100110111010011110000100011001010110010,556,487,1
normal (7),normal,val,1000000110100101011011110111111010011100011010001101000010100000,770,585,1
normal (70),normal,train,1110110110100100010000110101111100011111110010011000010011100110,557,471,1
normal (71),normal,train,1011010110111101011110100101001011000000001011011011100110000110,547,470,1
normal (72),normal,train,1100000011010111010111110111000101000100000101111110000011000010,916,692,1
normal (73),normal,test,1000110111010101011100000110001000110010100111111000110110001110,509,474,1
normal (74),normal,train,1100110111000010000110111111011010001111101010001100010110010010,558,467,1
normal (75),normal,test,1100001010101000001101011010010011110011110000000011110011011110,556,467,1
normal (76),normal,train,1001000111100000001111100110111100010010110101001101010010100101,555,469,1
normal (77),normal,val,1000110111110001011100000001001010011011101001100011010100011111,560,471,1
normal (78),normal,test,1001111111100101110000100000001001000111100101011011010111110101,731,478,1
normal (79),normal,train,1010110111000100100101000001001100010101001001110111111011101101,703,471,1
normal (8),normal,train,1110111010001100100100010101101110001010101000001011110111101101,775,587,1
normal (80),normal,test,1000110011010001010000110000111010111101101100011100101011001100,562,470,1
normal (81),normal,train,1101101010111010001001010001010100000111011001101100101111110100,767,587,1
normal (82),normal,train,1110110110110001010100110111001110100101100011101000011011001001,560,468,1
normal (83),normal,test,1110010110111000001111111100001101101001000001010101101001100101,619,576,1
normal (84),normal,train,1110010010011100000110110011101111000011101001001101000011011001,509,477,1
normal (85),normal,train,1100001110100100011011000110110110001100110110100100011110010011,557,464,1
normal (86),normal,train,1101000110111001001010011100111100101100100100001101111011000100,552,469,1
normal (87),normal,test,1001001011001101011010110010101111000011011010100010010110010100,552,467,1
normal (88),normal,train,1000000011000011101001110101110010111000001111110110000010110000,560,463,1
normal (89),normal,train,1100110110010001011110011011111010010011110100010011001010000110,558,467,1
normal (9),normal,train,1110010011100100100011110001101101111000010110000101100011111000,495,491,1
normal (90),normal,train,1001010011000001011010111001100011011111001011111110000010001000,558,496,1
normal (91),normal,val,1000000010011000011001101110000010101000110011111001110011110001,558,493,1
normal (92),normal,val,1110110110011101000100001100101110000010111101001111000110101101,554,486,1
normal (93),normal,val,1000100110111100011110101100001000100101100111000110101111000010,770,578,1
normal (94),normal,train,1111000010101011010010001001000110001111011011100111100110110000,678,585,1
normal (95),normal,train,1001110111111011010001010000101000111110100010000011110101010011,693,582,1
normal (96),normal,test,1001000011101000101011110110101010001100100111110100001100010001,687,578,1
normal (97),normal,train,1000000010000100011101110110001111001001101111011011000111000000,560,470,1
normal (98),normal,train,1000000010000100011101110110001111001001101111011011000110000010,562,470,1
normal (99),normal,train,1010011110110001010110011000111100001010011000101100011111110001,556,468,1
